sequence,p_desc,p_esm,charge,uH,novelty
FDVLGNLLKPIIKGVAKAGKHIAGSI,0.99,1.0,3.1,0.56,0.88
FASIAGIAAKVAPKIFCAISKKLC,0.993,0.997,3.9,0.4,0.67
FASIAGIAAKVMPKIFCAISKKLC,0.993,0.993,3.9,0.4,0.67
FLPIIAGIAAKVFPKIKCAISKLC,0.993,0.997,3.9,0.4,0.53
GAFSVITKILPKAAKAGKHIAGSI,0.99,0.99,4.1,0.49,0.84
FLAIAGKAVKNIFPKIMCAVSKLC,1.0,0.987,3.9,0.45,0.91
GLGIAAKVFPKIMCAISKLC,1.0,0.987,2.9,0.46,0.71
FASIAGIAIKVAPKIFCAISKKLC,0.987,0.997,3.9,0.41,0.74
FASIAGIAAKVFPKIFCAISKLC,0.993,0.987,2.9,0.47,0.57
GLFSQITGVLKAVKNIAKAGKHIAGSI,0.987,0.993,4.1,0.47,0.83
